,self,other,self,other,self,other,self,other,self,other,self,other,self,other,self,other,self,other,self,other,self,other,self,other,self,other,self,other,self,other,self,other,self,other,self,other,self,other,self,other,self,other,self,other,self,other,self,other,self,other,self,other,self,other,self,other,self,other,self,other,self,other,self,other
0,7384-1,,,,https://d213yzj61vi89h.cloudfront.net/Bunzl-MLN-Site/images/1XL/7384-1.jpg,https://d213yzj61vi89h.cloudfront.net/Bunzl-MLN-Site/images/processed/7384-1.jpg,,,,,,,,,,,,,,,,,,,,,62,0.62,,,,,,,,,,,21.26,2126,,,,,,,,,,,,,,,42.5,4252,20,,53,4724.5,,E139960,E100010 - Deaktiveret,E139960 - Deaktiveret
1,7447,,,,https://d213yzj61vi89h.cloudfront.net/Bunzl-MLN-Site/images/1XL/7447.jpg,https://d213yzj61vi89h.cloudfront.net/Bunzl-MLN-Site/images/processed/7447.jpg,,,,,,,,,,,,,,,,,,,,,1,0.1,,,,,,,,,,,24.02,2402,,,,,,,,,,,,,,,48,4804,20,,60,5337.75,,E139970,E100010 - Deaktiveret,E139970 - Deaktiveret
2,122097-1,,,,https://d213yzj61vi89h.cloudfront.net/Bunzl-MLN-Site/images/1XL/122097-1.jpg,https://d213yzj61vi89h.cloudfront.net/Bunzl-MLN-Site/images/processed/122097-1.jpg,,,,,,,,,,,,,,,,,,,,,28,0.28,,,,,,,,,,,28.51,2851,,,,,,,,,,,,,,,57,5702,20,,71.25,6335.5,,E139980,E100010 - Deaktiveret,E139980 - Deaktiveret
3,7920,,,,https://d213yzj61vi89h.cloudfront.net/Bunzl-MLN-Site/images/1XL/7920.jpg,https://d213yzj61vi89h.cloudfront.net/Bunzl-MLN-Site/images/processed/7920.jpg,,,,,,,,,,,,,,,,,,,,,28,0.28,,,,,,,,,,,30.79,3079,,,,,,,,,,,,,,,61.5,6158,20,,77,6842.25,,E139990,E100010 - Deaktiveret,E139990 - Deaktiveret
4,122098-1,,,,https://d213yzj61vi89h.cloudfront.net/Bunzl-MLN-Site/images/1XL/122098-1.jpg,https://d213yzj61vi89h.cloudfront.net/Bunzl-MLN-Site/images/processed/122098-1.jpg,,,,,,,,,,,,,,,,,,,,,32,0.32,,,,,,,,,,,31.79,3179,,,,,,,,,,,,,,,63.5,6358,20,,79.5,7064.5,,E140000,E100010 - Deaktiveret,E140000 - Deaktiveret
5,122099-1,,,,https://d213yzj61vi89h.cloudfront.net/Bunzl-MLN-Site/images/1XL/122099-1.jpg,https://d213yzj61vi89h.cloudfront.net/Bunzl-MLN-Site/images/processed/122099-1.jpg,,,,,,,,,,,,,,,,,,,,,51,0.51,,,,,,,,,,,41.54,4154,,,,,,,,,,,,,,,83,8308,20,,103.75,9231,,E140010,E100010 - Deaktiveret,E140010 - Deaktiveret
6,7910-1,,,,https://d213yzj61vi89h.cloudfront.net/Bunzl-MLN-Site/images/1XL/7910-1.jpg,https://d213yzj61vi89h.cloudfront.net/Bunzl-MLN-Site/images/processed/7910-1.jpg,,,,,,,,,,,,,,,,,,,,,22,0.22,,,,,,,,,,,42.12,4212,,,,,,,,,,,,,,,84.25,8424,20,,105.25,9360,,E140020,E100010 - Deaktiveret,E140020 - Deaktiveret
7,103809-1,,,,https://d213yzj61vi89h.cloudfront.net/Bunzl-MLN-Site/images/1XL/103809-1.jpg,https://d213yzj61vi89h.cloudfront.net/Bunzl-MLN-Site/images/processed/103809-1.jpg,,,,,,,,,,,,,,,,,,,,,2,0.2,,,,,,,,,,,42.67,4267,,,,,,,,,,,,,,,85.25,8534,20,,106.5,9482.25,,E140030,E100010 - Deaktiveret,E140030 - Deaktiveret
8,142571,,,,https://d213yzj61vi89h.cloudfront.net/Bunzl-MLN-Site/images/1XL/142571.jpg,https://d213yzj61vi89h.cloudfront.net/Bunzl-MLN-Site/images/processed/142571.jpg,,,,,,,,,,,,,,,,,,,,,,,,,,,,,,,,,44.27,4427,,,,,,,,,,,,,,,88.5,8854,20,,110.5,9837.75,,E140040,E100010 - Deaktiveret,E140040 - Deaktiveret
9,140562,,Alubakke Ready2Cook 1896ml L293xB193xH45mm med Apet plastlåg 10 sæt sampak,Alubakke 308 ml 160x110x26 mm,https://d213yzj61vi89h.cloudfront.net/Bunzl-MLN-Site/images/1XL/140562.jpg,https://d213yzj61vi89h.cloudfront.net/Bunzl-MLN-Site/images/processed/7357.jpg,ps,krt,ps,pk,10 stk/ps,140 stk/pk,10 stk/ps,10 pk x 140 stk/krt,5410555080269,5701022126260,Bakke findes på 105657 og låg på 38266-3,Der findes ikke låg til denne. jfh 22.4.2020.,12,10,,,,,,sølv,52,0.72,,,,,,,20,339,,,50.69,5540,,,,,192180200,533106950,15289.338524,286590.3666860001,,,READY2COOK,,,,101.5,11080,15,,119.5,12311,,E140050,E100010 - Deaktiveret,E140050 - Deaktiveret
10,7357,,Alubakke 308 ml 160x110x26 mm,Alubakke 550 ml 188x88x50 mm,https://d213yzj61vi89h.cloudfront.net/Bunzl-MLN-Site/images/1XL/7357.jpg,https://d213yzj61vi89h.cloudfront.net/Bunzl-MLN-Site/images/processed/7389-1.jpg,,,pk,ps,140 stk/pk,100 stk/ps,10 pk x 140 stk/krt,15 ps x 100 stk/krt,5701022126260,5701022000904,Der findes ikke låg til denne. jfh 22.4.2020.,,10,15,,,,,,,72,0.78,C,B,,,,,339,67,,,55.4,6081,,,,,533106950,765510600,286590.3666860001,90530.26738900004,,,,,,,110.75,12162,15,,130.25,13513.25,,E140060,E100010 - Deaktiveret,E140060 - Deaktiveret
11,7389-1,,Alubakke 550 ml 188x88x50 mm,Alubakke 584 ml 186x135x30 mm,https://d213yzj61vi89h.cloudfront.net/Bunzl-MLN-Site/images/1XL/7389-1.jpg,https://d213yzj61vi89h.cloudfront.net/Bunzl-MLN-Site/images/processed/2202.jpg,,,ps,pk,100 stk/ps,100 stk/pk,15 ps x 100 stk/krt,12 pk x 100 stk/krt,5701022000904,5701022000041,,Der er ikke låg til denne bakke.,15,12,,,,,,,78,0.86,,,,,,,67,370,,,60.81,6185,,,,,765510600,735210800,90530.26738900004,229584.29528099997,,,,,,,121.5,12370,15,,143,13744.5,,E140070,E100010 - Deaktiveret,E140070 - Deaktiveret
12,2202,,Alubakke 584 ml 186x135x30 mm,Alubakke 542 ml 153x153x34 mm,https://d213yzj61vi89h.cloudfront.net/Bunzl-MLN-Site/images/1XL/2202.jpg,https://d213yzj61vi89h.cloudfront.net/Bunzl-MLN-Site/images/processed/7383.jpg,,,,,,,12 pk x 100 stk/krt,9 pk x 100 stk/krt,5701022000041,5410555070376,Der er ikke låg til denne bakke.,Låg: 7384-1,12,9,,,,,sølv,,86,0.72,,,,,,,370,2,,,61.85,6215,,,,,735210800,835710799,229584.29528099997,68121.82981699999,,,,,,,123.75,12430,15,,145.5,13811,,E140080,E100010 - Deaktiveret,E140080 - Deaktiveret
13,7383,,Alubakke 542 ml 153x153x34 mm,Alubakke 350 ml Ø127 Rund 350/04,https://d213yzj61vi89h.cloudfront.net/Bunzl-MLN-Site/images/1XL/7383.jpg,https://d213yzj61vi89h.cloudfront.net/Bunzl-MLN-Site/images/processed/7818.jpg,,,,,,,9 pk x 100 stk/krt,12 pk x 100 stk/krt,5410555070376,5701022133114,Låg: 7384-1,ø80 i bundenHøjde 45 mm,9,12,,,,,,sølv,72,0.54,,,,,,,2,83,,,62.15,6230,,,,,835710799,403500,68121.82981699999,31840.26345800001,,,,,,,124.25,12460,15,,146.25,13844.5,,E140090,E100010 - Deaktiveret,E140090 - Deaktiveret
14,7818,,Alubakke 350 ml Ø127 Rund 350/04,Alubakke 510ml L150xB110xH46mm,https://d213yzj61vi89h.cloudfront.net/Bunzl-MLN-Site/images/1XL/7818.jpg,https://d213yzj61vi89h.cloudfront.net/Bunzl-MLN-Site/images/processed/127404.jpg,,,,,100 stk/pk,120 stk/pk,12 pk x 100 stk/krt,12 pk x 120 stk/krt,5701022133114,5701022215728,ø80 i bundenHøjde 45 mm,Låg= vnr7912,,,,,,,sølv,,54,0.755,,,,,,,83,110,,,62.3,6904,,,,,403500,7305010200,31840.26345800001,211983.8930920004,,,,,,,124.5,13808,15,,146.5,15342.25,,E140110,E100010 - Deaktiveret,E140110 - Deaktiveret
15,127404,,Alubakke 510ml L150xB110xH46mm,Alubakke 610 ml 204x92x49 mm,https://d213yzj61vi89h.cloudfront.net/Bunzl-MLN-Site/images/1XL/127404.jpg,https://d213yzj61vi89h.cloudfront.net/Bunzl-MLN-Site/images/processed/7323-1.jpg,,,,,120 stk/pk,100 stk/pk,12 pk x 120 stk/krt,12 pk x 100 stk/krt,5701022215728,5701022208461,Låg= vnr7912,,,,,,,,,,755,0.9,B,C,,,,,110,38,,,69.04,8144,,204x92x49 mm,,,7305010200,736710200,211983.8930920004,35152.292982000006,,,,,,,138,16288,15,,162.25,18097.75,,E140120,E100010 - Deaktiveret,E140120 - Deaktiveret
16,7323-1,,Alubakke 610 ml 204x92x49 mm,Alubakke 890 ml 207x141x41 mm rektangulær kraftig kvalitet,https://d213yzj61vi89h.cloudfront.net/Bunzl-MLN-Site/images/1XL/7323-1.jpg,https://d213yzj61vi89h.cloudfront.net/Bunzl-MLN-Site/images/processed/123155.jpg,,,,,,,12 pk x 100 stk/krt,10 pk x 100 stk/krt,5701022208461,5701022172014,,"JHOL: samme vare som tidligere lå på 7485. Låg= vnr 7486, Plastlåg = 7487-1 (G)",12,10,,,,,,,9,1.24,C,B,,,,,38,66,,,81.44,9325,204x92x49 mm,,,,736710200,838908902,35152.292982000006,126435.72520399986,,,,,,,163,18650,15,,191.75,20722.25,,E140130,E100010 - Deaktiveret,E140130 - Deaktiveret
17,123155,,Alubakke 890 ml 207x141x41 mm rektangulær kraftig kvalitet,Alubakke 410 ml Ø203 mm Rund,https://d213yzj61vi89h.cloudfront.net/Bunzl-MLN-Site/images/1XL/123155.jpg,https://d213yzj61vi89h.cloudfront.net/Bunzl-MLN-Site/images/processed/7301.jpg,,,,,,,10 pk x 100 stk/krt,4 pk x 100 stk/krt,5701022172014,5701022000546,"JHOL: samme vare som tidligere lå på 7485. Låg= vnr 7486, Plastlåg = 7487-1 (G)","bund 15 cmHøjde 20 mmIntet låg - men låg  kan bestilles på bunzl div. 12130-3  varenr. 151050, 6cm hø, j  til alubakke 51050",10,4,,,,,,sølv,124,0.86,B,C,,,,,66,62,,,93.25,9533,,,,,838908902,5105008900,126435.72520399986,80348.318462,,,,,,,186.5,19066,15,,219.5,21184.5,,E140140,E100010 - Deaktiveret,E140140 - Deaktiveret
18,7301,,Alubakke 410 ml Ø203 mm Rund,Plastbakke SquarePac 1000 ml 192x190x54 mm Hængslet låg APET Klar,https://d213yzj61vi89h.cloudfront.net/Bunzl-MLN-Site/images/1XL/7301.jpg,https://d213yzj61vi89h.cloudfront.net/Bunzl-MLN-Site/images/processed/38540.jpg,,,,,100 stk/pk,75 stk/pk,4 pk x 100 stk/krt,4 pk x 75 stk/krt,5701022000546,5701022175336,"bund 15 cmHøjde 20 mmIntet låg - men låg  kan bestilles på bunzl div. 12130-3  varenr. 151050, 6cm hø, j  til alubakke 51050",,,,HOTFOOD,COLDFOOD,FOILCONT,DELISALAD,sølv,Klar,86,3.26,,,,,,,62,15,,,95.33,10441,,,,,5105008900,7710040000,80348.318462,29165.587473,,,,,,,190.75,20882,15,,224.5,23202.25,,E140150,E100010 - Deaktiveret,E140150 - Deaktiveret
19,38540,,Plastbakke SquarePac 1000 ml 192x190x54 mm Hængslet låg APET Klar,Alubakke 800 ml Ø181 mm Rund,https://d213yzj61vi89h.cloudfront.net/Bunzl-MLN-Site/images/1XL/38540.jpg,https://d213yzj61vi89h.cloudfront.net/Bunzl-MLN-Site/images/processed/7391.jpg,,,pk,ps,75 stk/pk,100 stk/ps,4 pk x 75 stk/krt,6 ps x 100 stk/krt,5701022175336,8007626235405,,Højde 43 mm,4,6,COLDFOOD,HOTFOOD,DELISALAD,FOILCONT,Klar,sølv,326,0.9,,,,,,,15,29,,,104.41,10776,,,,,7710040000,318010799,29165.587473,29515.161411999987,,,,,,,208.75,21552,15,,245.5,23946.75,,E140160,E100010 - Deaktiveret,E140160 - Deaktiveret
20,7391,,Alubakke 800 ml Ø181 mm Rund,Låg Ready2Cook 271x168x27 mm Lavt APET Klar,https://d213yzj61vi89h.cloudfront.net/Bunzl-MLN-Site/images/1XL/7391.jpg,https://d213yzj61vi89h.cloudfront.net/Bunzl-MLN-Site/images/processed/38267-2.jpg,,,,,,,6 ps x 100 stk/krt,4 ps x 100 stk/krt,8007626235405,5701022215742,Højde 43 mm,,6,4,,,,,sølv,Klar,9,1.85,C,B,,A02,,Egnet til Fødevarekontakt,29,54,,,107.76,10868,,271x168x27 mm,,,318010799,5022200203,29515.161411999987,107883.28079200003,,,,,,,215.5,21736,15,,253.5,24151,,E140170,E100010 - Deaktiveret,E140170 - Deaktiveret
21,38267-2,,Låg Ready2Cook 271x168x27 mm Lavt APET Klar,Alubakke 685 ml 326x106x25 mm,https://d213yzj61vi89h.cloudfront.net/Bunzl-MLN-Site/images/1XL/38267-2.jpg,https://d213yzj61vi89h.cloudfront.net/Bunzl-MLN-Site/images/processed/7331.jpg,,,ps,pk,100 stk/ps,125 stk/pk,4 ps x 100 stk/krt,5 pk x 125 stk/krt,5701022215742,5701022000799,,,4,5,,,,,Klar,sølv,185,1.26,B,C,A02,,Glas & Gaffel,,54,59,,,108.68,12922,271x168x27 mm,,,,5022200203,737007900,107883.28079200003,145845.14196,,,,,,,217.25,25844,15,,255.5,28715.5,,E140190,E100010 - Deaktiveret,E140190 - Deaktiveret
22,38266-3,,Låg Ready2Cook 300x200x26 mm Lavt APET,Alubakke 290 ml Ø111x43 mm Rund Guld,https://d213yzj61vi89h.cloudfront.net/Bunzl-MLN-Site/images/1XL/38266-3.jpg,https://d213yzj61vi89h.cloudfront.net/Bunzl-MLN-Site/images/processed/7353-1.jpg,,,ps,pk,100 stk/ps,115 stk/pk,2 ps x 100 stk/krt,9 pk x 115 stk/krt,5701022215513,5701022184925,,Låg 7345-2,2,9,,,,,Klar,Guld,24,0.76,,,,,,,4,35,,,121.05,13331,,,,,5024100200,29011305,103502.05961700004,55676.82063300002,,,READY2COOK,,,,242,26662,15,,284.75,29624.5,,E140200,E100010 - Deaktiveret,E140200 - Deaktiveret
23,7331,,Alubakke 685 ml 326x106x25 mm,Alubakke 1000 ml 266x131x39 mm,https://d213yzj61vi89h.cloudfront.net/Bunzl-MLN-Site/images/1XL/7331.jpg,https://d213yzj61vi89h.cloudfront.net/Bunzl-MLN-Site/images/processed/7420.jpg,,,,,125 stk/pk,100 stk/pk,5 pk x 125 stk/krt,8 pk x 100 stk/krt,5701022000799,5701022000829,,,5,8,,,,,,,126,1.24,,,,,,,59,64,,,129.22,14193,,,,,737007900,7310008900,145845.14196,68916.567252,,,,,,,258.5,28386,15,,304,31540,,E140210,E100010 - Deaktiveret,E140210 - Deaktiveret
24,7353-1,,Alubakke 290 ml Ø111x43 mm Rund Guld,Alubakke 3-rum 210/290/490 ml 227x178x39 mm,https://d213yzj61vi89h.cloudfront.net/Bunzl-MLN-Site/images/1XL/7353-1.jpg,https://d213yzj61vi89h.cloudfront.net/Bunzl-MLN-Site/images/processed/7911.jpg,,,,,115 stk/pk,100 stk/pk,9 pk x 115 stk/krt,5 pk x 100 stk/krt,5701022184925,5701022128837,Låg 7345-2,Låg 73005Dimension 227x178x39 mm,9,5,,,,,Guld,,76,1.98,B,C,,A02,,Egnet til Fødevarekontakt,35,2,,,133.31,15659,,,,,29011305,559910000,55676.82063300002,45475.197690000015,,,,,,,266.5,31318,15,,313.5,34797.75,,E140220,E100010 - Deaktiveret,E140220 - Deaktiveret
25,7420,,Alubakke 1000 ml 266x131x39 mm,Låg Vistopac 168x141x34 mm APET Klar til 300 ml bakke 111767,https://d213yzj61vi89h.cloudfront.net/Bunzl-MLN-Site/images/1XL/7420.jpg,https://d213yzj61vi89h.cloudfront.net/Bunzl-MLN-Site/images/processed/111797.jpg,,,pk,krt,100 stk/pk,2 pk x 250 stk/krt,8 pk x 100 stk/krt,2 pk x 250 stk/krt,5701022000829,5701022203503,,Erstatter vnr  36348 som er udgået hos Plus Pack.,8,1,HOTFOOD,COLDFOOD,FOILCONT,DELISALAD,sølv,Klar,124,5.18,,,,,,,64,5,,,141.93,17344,,,,,7310008900,6210500000,68916.567252,11617.816283999997,,,,,,,283.75,34688,15,,333.75,38542.25,,E140230,E100010 - Deaktiveret,E140230 - Deaktiveret
26,7911,,Alubakke 3-rum 210/290/490 ml 227x178x39 mm,Sushibakke Vistopac 1-rum 300 ml 177x150x27 mm RPET Sort,https://d213yzj61vi89h.cloudfront.net/Bunzl-MLN-Site/images/1XL/7911.jpg,https://d213yzj61vi89h.cloudfront.net/Bunzl-MLN-Site/images/processed/111767.jpg,,,pk,krt,100 stk/pk,4 pk x 125 stk/krt,5 pk x 100 stk/krt,4 pk x 125 stk/krt,5701022128837,5701022203657,Låg 73005Dimension 227x178x39 mm,Erstatter vnr  37347 som er udgået hos Plus Pack. Låg findes på vnr 111797,5,1,HOTFOOD,COLDFOOD,FOILCONT,DELISALAD,,Sort,198,5.8,,,A02,,Glas & Gaffel,,2,4,,,156.59,18424,,,,,559910000,6294010700,45475.197690000015,11511.654992,,,,,,,313.25,36848,15,,368.5,40942.25,,E140240,E100010 - Deaktiveret,E140240 - Deaktiveret
27,111797,,Låg Vistopac 168x141x34 mm APET Klar til 300 ml bakke 111767,Plastlåg Diamond Ø199x25 mm højt  RPET Klar til skål ø188 mm,https://d213yzj61vi89h.cloudfront.net/Bunzl-MLN-Site/images/1XL/111797.jpg,https://d213yzj61vi89h.cloudfront.net/Bunzl-MLN-Site/images/processed/37340-1.jpg,,,,,2 pk x 250 stk/krt,300 stk/krt,2 pk x 250 stk/krt,300 stk/krt,5701022203503,5701022159534,Erstatter vnr  36348 som er udgået hos Plus Pack.,Passer til eks 105153 og 107304plant låg er alternativ på vnr 37339-1,,,,,,,,,518,4.14,,,,,,,5,3,,,173.44,21047,,,,,6210500000,6202525005,11617.816283999997,16876.224964999998,,,,,,,347,42094,15,,408.25,46771,,E140250,E100010 - Deaktiveret,E140250 - Deaktiveret
28,111767,,Sushibakke Vistopac 1-rum 300 ml 177x150x27 mm RPET Sort,"Plastskål Bowl Diamond 714ml Ø18,8x4,8cm RPET Sort",https://d213yzj61vi89h.cloudfront.net/Bunzl-MLN-Site/images/1XL/111767.jpg,https://d213yzj61vi89h.cloudfront.net/Bunzl-MLN-Site/images/processed/107304.jpg,,,,,4 pk x 125 stk/krt,6 pk x 50 stk/krt,4 pk x 125 stk/krt,6 pk x 50 stk/krt,5701022203657,5701022186455,Erstatter vnr  37347 som er udgået hos Plus Pack. Låg findes på vnr 111797,Låg = 37339-1 (plan) eller 37340-1 (høj)ikke pakket med stablet i kartonen 6x50 stk. jfh,,,,,,,,,58,4.71,,,,,,,4,14,,,184.24,21287,,Ø188 x H48 mm,,,6294010700,6202500017,11511.654992,16272.239851999995,,,,,,,368.5,42574,15,,433.5,47304.5,,E140260,E100010 - Deaktiveret,E140260 - Deaktiveret
29,37340-1,,Plastlåg Diamond Ø199x25 mm højt  RPET Klar til skål ø188 mm,Plastskål Bowl Diamond 952 ml Ø188x60 mm RPET Klar,https://d213yzj61vi89h.cloudfront.net/Bunzl-MLN-Site/images/1XL/37340-1.jpg,https://d213yzj61vi89h.cloudfront.net/Bunzl-MLN-Site/images/processed/37336-1.jpg,,,,,,,,,5701022159534,5701022185786,Passer til eks 105153 og 107304plant låg er alternativ på vnr 37339-1,Låg 37339-1,,,,,,,,,414,5.4,,,,,,,3,18,,,210.47,23485,,,,,6202525005,6203200005,16876.224964999998,8295.741309999998,,,,,,,421,46970,15,,495.25,52189,,E140270,E100010 - Deaktiveret,E140270 - Deaktiveret
30,107304,,"Plastskål Bowl Diamond 714ml Ø18,8x4,8cm RPET Sort",Bakke 2-rum 395/500 ml 238x176x40 mm Oval PP Sort,https://d213yzj61vi89h.cloudfront.net/Bunzl-MLN-Site/images/1XL/107304.jpg,https://d213yzj61vi89h.cloudfront.net/Bunzl-MLN-Site/images/processed/3506-1.jpg,,,,,6 pk x 50 stk/krt,240 stk/krt,6 pk x 50 stk/krt,240 stk/krt,5701022186455,5701022202698,Låg = 37339-1 (plan) eller 37340-1 (høj)ikke pakket med stablet i kartonen 6x50 stk. jfh,Plus Pack har erstattet halvdelen af pp plasten med kridt hvilket giver en stor reduktion i udledningen af CO2. Derfor oprettet på-1 Låg 3583,,,,,DELISALAD,MICROWAVE,,,471,8.16,,,,,,,14,16,,,212.87,23730,Ø188 x H48 mm,238x176x40 mm,,,6202500017,155024703,16272.239851999995,43936.36811499999,,,,,,,425.75,47460,15,,501,52733.25,,E140280,E100010 - Deaktiveret,E140280 - Deaktiveret
31,37336-1,,Plastskål Bowl Diamond 952 ml Ø188x60 mm RPET Klar,Bakke Zen Tapas 1-rum Rektangulær 1134ml L320xB250xH20mm RPET Sort,https://d213yzj61vi89h.cloudfront.net/Bunzl-MLN-Site/images/1XL/37336-1.jpg,https://d213yzj61vi89h.cloudfront.net/Bunzl-MLN-Site/images/processed/140996.jpg,,,,,300 stk/krt,2 ps x 60 stk/krt,300 stk/krt,2 ps x 60 stk/krt,5701022185786,5701022217395,Låg 37339-1,Låg vnr. 140997,,,,,DELISALAD,SUSHITRAY,Klar,Sort,54,9.8,,,,,,,18,4,,,234.85,27650,,,,,6203200005,5020810200,8295.741309999998,14891.14679,,,,,,,469.75,55300,15,,552.75,61444.5,,E140290,E100010 - Deaktiveret,E140290 - Deaktiveret
32,3506-1,,Bakke 2-rum 395/500 ml 238x176x40 mm Oval PP Sort,Alubakke Ready2Cook 1896ml L293xB193xH45mm med Apet plastlåg 10 sæt sampak,https://d213yzj61vi89h.cloudfront.net/Bunzl-MLN-Site/images/1XL/3506-1.jpg,https://d213yzj61vi89h.cloudfront.net/Bunzl-MLN-Site/images/processed/140562.jpg,krt,ps,krt,ps,240 stk/krt,10 stk/ps,240 stk/krt,10 stk/ps,5701022202698,5410555080269,Plus Pack har erstattet halvdelen af pp plasten med kridt hvilket giver en stor reduktion i udledningen af CO2. Derfor oprettet på-1 Låg 3583,Bakke findes på 105657 og låg på 38266-3,1,12,COLDFOOD,HOTFOOD,MICROWAVE,FOILCONT,Sort,,816,0.52,,,,,,,16,20,,,237.3,5069,238x176x40 mm,,,,155024703,192180200,43936.36811499999,15289.338524,,,,READY2COOK,,,474.5,10138,15,,558.25,11264.5,,E140100,E100010 - Deaktiveret,E140100 - Deaktiveret
33,140996,,Bakke Zen Tapas 1-rum Rektangulær 1134ml L320xB250xH20mm RPET Sort,Låg Ready2Cook 300x200x26 mm Lavt APET,https://d213yzj61vi89h.cloudfront.net/Bunzl-MLN-Site/images/1XL/140996.jpg,https://d213yzj61vi89h.cloudfront.net/Bunzl-MLN-Site/images/processed/38266-3.jpg,,,krt,ps,2 ps x 60 stk/krt,100 stk/ps,2 ps x 60 stk/krt,2 ps x 100 stk/krt,5701022217395,5701022215513,Låg vnr. 140997,,1,2,COLDFOOD,HOTFOOD,SUSHITRAY,FOILCONT,Sort,Klar,98,2.4,C,B,,,,,,,,,276.5,12105,,,,,5020810200,5024100200,14891.14679,103502.05961700004,,,,READY2COOK,,,553,24210,10,,614.5,26900,,E140180,E100010 - Deaktiveret,E140180 - Deaktiveret
34,107463,,,,https://d213yzj61vi89h.cloudfront.net/Bunzl-MLN-Site/images/1XL/107463.jpg,https://d213yzj61vi89h.cloudfront.net/Bunzl-MLN-Site/images/processed/107463.jpg,,,,,,,,,,,,,,,,,,,,,692,6.92,,,,,,,,,,,281.53,28153,,,,,,,,,,,,,,,563,56306,10,,625.5,62562.25,,E140300,E100010 - Deaktiveret,E140300 - Deaktiveret
35,107464,,,,https://d213yzj61vi89h.cloudfront.net/Bunzl-MLN-Site/images/1XL/107464.jpg,https://d213yzj61vi89h.cloudfront.net/Bunzl-MLN-Site/images/processed/107464.jpg,,,,,,,,,,,,,,,,,,,,,65,6.5,,,,,,,,,,,287.39,28739,,,,,,,,,,,,,,,574.75,57478,10,,638.5,63864.5,,E140310,E100010 - Deaktiveret,E140310 - Deaktiveret
36,3516-1,,,,https://d213yzj61vi89h.cloudfront.net/Bunzl-MLN-Site/images/1XL/3516-1.jpg,https://d213yzj61vi89h.cloudfront.net/Bunzl-MLN-Site/images/processed/3516-1.jpg,,,,,,,,,,,,,,,,,,,,,1082,10.82,,,,,,,,,,,345.12,34512,,,,,,,,,,,,,,,690.25,69024,10,,767,76693.25,,E140320,E100010 - Deaktiveret,E140320 - Deaktiveret
37,37254,,,,https://d213yzj61vi89h.cloudfront.net/Bunzl-MLN-Site/images/1XL/37254.jpg,https://d213yzj61vi89h.cloudfront.net/Bunzl-MLN-Site/images/processed/37254.jpg,,,,,,,,,,,,,,,,,,,,,70,7,,,,,,,,,,,351.61,35161,,,,,,,,,,,,,,,703.25,70322,10,,781.5,78135.5,,E140330,E100010 - Deaktiveret,E140330 - Deaktiveret
38,37368-3,,,,https://d213yzj61vi89h.cloudfront.net/Bunzl-MLN-Site/images/1XL/37368-3.jpg,https://d213yzj61vi89h.cloudfront.net/Bunzl-MLN-Site/images/processed/37368-3.jpg,,,,,,,,,,,,,,,,,,,,,306,3.06,,,,,,,,,,,368.43,36843,,,,,,,,,,,,,,,736.75,73686,10,,818.5,81873.25,,E140340,E100010 - Deaktiveret,E140340 - Deaktiveret
39,107468,,,,https://d213yzj61vi89h.cloudfront.net/Bunzl-MLN-Site/images/1XL/107468.jpg,https://d213yzj61vi89h.cloudfront.net/Bunzl-MLN-Site/images/processed/107468.jpg,,,,,,,,,,,,,,,,,,,,,1237,12.37,,,,,,,,,,,463.12,46312,,,,,,,,,,,,,,,926.25,92624,10,,1029.25,102915.5,,E140350,E100010 - Deaktiveret,E140350 - Deaktiveret
40,125360,,,,https://d213yzj61vi89h.cloudfront.net/Bunzl-MLN-Site/images/1XL/125360.jpg,https://d213yzj61vi89h.cloudfront.net/Bunzl-MLN-Site/images/processed/125360.jpg,,,,,,,,,,,,,,,,,,,,,3694,3.694,,,,,,,,,,,526.06,52606,,,,,,,,,,,,,,,1052,105212,10,,1169,116902.25,,E140360,E100010 - Deaktiveret,E140360 - Deaktiveret
41,107054-1,,,,https://d213yzj61vi89h.cloudfront.net/Bunzl-MLN-Site/images/1XL/107054-1.jpg,https://d213yzj61vi89h.cloudfront.net/Bunzl-MLN-Site/images/processed/107054-1.jpg,,,,,,,,,,,,,,,,,,,,,533,5.33,,,,,,,,,,,529.04,52904,,,,,,,,,,,,,,,1058,105808,10,,1175.5,117564.5,,E140370,E100010 - Deaktiveret,E140370 - Deaktiveret
42,109036,,,,https://d213yzj61vi89h.cloudfront.net/Bunzl-MLN-Site/images/1XL/109036.jpg,https://d213yzj61vi89h.cloudfront.net/Bunzl-MLN-Site/images/processed/109036.jpg,,,,,,,,,,,,,,,,,,,,,72,7.2,,,,,,,,,,,629.48,62948,,,,,,,,,,,,,,,1259,125896,10,,1399,139884.5,,E140380,E100010 - Deaktiveret,E140380 - Deaktiveret
43,7414,,,,https://d213yzj61vi89h.cloudfront.net/Bunzl-MLN-Site/images/1XL/7414.jpg,https://d213yzj61vi89h.cloudfront.net/Bunzl-MLN-Site/images/processed/7414.jpg,,,,,,,,,,,,,,,,,,,,,739,7.39,,,,,,,,,,,634.03,63403,,,,,,,,,,,,,,,1268,126806,10,,1409,140895.5,,E140390,E100010 - Deaktiveret,E140390 - Deaktiveret
44,105603-2,,,,https://d213yzj61vi89h.cloudfront.net/Bunzl-MLN-Site/images/1XL/105603-2.jpg,https://d213yzj61vi89h.cloudfront.net/Bunzl-MLN-Site/images/processed/105603-2.jpg,,,,,,,,,,,,,,,,,,,,,666,6.66,,,,,,,,,,,651.98,65198,,,,,,,,,,,,,,,1304,130396,10,,1449,144884.5,,E140400,E100010 - Deaktiveret,E140400 - Deaktiveret
45,124637,,,,https://d213yzj61vi89h.cloudfront.net/Bunzl-MLN-Site/images/1XL/124637.jpg,https://d213yzj61vi89h.cloudfront.net/Bunzl-MLN-Site/images/processed/124637.jpg,,,,,,,,,,,,,,,,,,,,,64,6.4,,,,,,,,,,,659.93,65993,,,,,,,,,,,,,,,1319.75,131986,10,,1466.5,146651,,E140410,E100010 - Deaktiveret,E140410 - Deaktiveret
46,105657,,,,https://d213yzj61vi89h.cloudfront.net/Bunzl-MLN-Site/images/1XL/105657.jpg,https://d213yzj61vi89h.cloudfront.net/Bunzl-MLN-Site/images/processed/105657.jpg,,,,,,,,,,,,,,,,,,,,,1324,13.24,,,,,,,,,,,1063.26,106326,,,,,,,,,,,,,,,2126.5,212652,10,,2362.75,236280,,E140420,E100010 - Deaktiveret,E140420 - Deaktiveret
47,110085,,,,https://d213yzj61vi89h.cloudfront.net/Bunzl-MLN-Site/images/1XL/110085.jpg,https://d213yzj61vi89h.cloudfront.net/Bunzl-MLN-Site/images/processed/110085.jpg,,,,,,,,,,,,,,,,,,,,,694,6.94,,,,,,,,,,,1107.41,110741,,,,,,,,,,,,,,,2214.75,221482,10,,2460.75,246091,,E140430,E100010 - Deaktiveret,E140430 - Deaktiveret
